2023-08-21_22:18:22,capture/car_2023-08-21_22:18:22.jpg
2023-08-21_22:18:22,capture/car_2023-08-21_22:18:22.jpg
2023-08-21_22:18:22,capture/car_2023-08-21_22:18:22.jpg
2023-08-21_22:18:22,capture/car_2023-08-21_22:18:22.jpg
2023-08-21_22:18:22,capture/car_2023-08-21_22:18:22.jpg
2023-08-21_22:18:22,capture/car_2023-08-21_22:18:22.jpg
2023-08-21_22:18:22,capture/car_2023-08-21_22:18:22.jpg
2023-08-21_22:18:22,capture/car_2023-08-21_22:18:22.jpg
2023-08-21_22:18:22,capture/car_2023-08-21_22:18:22.jpg
2023-08-21_22:18:22,capture/car_2023-08-21_22:18:22.jpg
2023-08-21_22:18:22,capture/car_2023-08-21_22:18:22.jpg
2023-08-21_22:18:23,capture/car_2023-08-21_22:18:23.jpg
2023-08-21_22:18:25,capture/car_2023-08-21_22:18:25.jpg
2023-08-21_22:19:14,capture/car_2023-08-21_22:19:14.jpg
2023-08-21_22:19:14,capture/car_2023-08-21_22:19:14.jpg
2023-08-21_22:19:14,capture/car_2023-08-21_22:19:14.jpg
2023-08-21_22:19:14,capture/car_2023-08-21_22:19:14.jpg
2023-08-21_22:19:14,capture/car_2023-08-21_22:19:14.jpg
2023-08-21_22:19:15,capture/car_2023-08-21_22:19:15.jpg
2023-08-21_22:19:14,capture/car_2023-08-21_22:19:14.jpg
2023-08-21_22:19:15,capture/car_2023-08-21_22:19:15.jpg
2023-08-21_22:19:15,capture/car_2023-08-21_22:19:15.jpg
2023-08-21_22:19:57,capture/car_2023-08-21_22:19:57.jpg
2023-08-21_22:19:57,capture/car_2023-08-21_22:19:57.jpg
2023-08-21_22:19:57,capture/car_2023-08-21_22:19:57.jpg
2023-08-21_22:24:24,capture/car_2023-08-21_22:24:24.jpg
2023-08-21_22:24:24,capture/car_2023-08-21_22:24:24.jpg
2023-08-21_22:24:24,capture/car_2023-08-21_22:24:24.jpg
2023-08-21_22:24:24,capture/car_2023-08-21_22:24:24.jpg
2023-08-21_22:24:24,capture/car_2023-08-21_22:24:24.jpg
2023-08-21_22:24:24,capture/car_2023-08-21_22:24:24.jpg
2023-08-21_22:24:24,capture/car_2023-08-21_22:24:24.jpg
2023-08-21_22:24:24,capture/car_2023-08-21_22:24:24.jpg
2023-08-21_22:24:24,capture/car_2023-08-21_22:24:24.jpg
2023-08-21_22:24:24,capture/car_2023-08-21_22:24:24.jpg
2023-08-21_22:24:24,capture/car_2023-08-21_22:24:24.jpg
2023-08-21_22:24:24,capture/car_2023-08-21_22:24:24.jpg
